{"compiler":"","redux-section":"8","last_tab":"","tgm_init":"required","args--opt_name":"tuscany_opt","args--display_name":"","args--display_version":"","args--page_slug":"_options","args--page_title":"Theme Options","args--update_notice":"1","args--intro_text":"<p>This text is displayed above the options panel. It isn\\\u2019t required, but more info is always better! The intro_text field accepts all HTML.<\/p>","args--footer_text":"<p>This text is displayed below the options panel. It isn\\\u2019t required, but more info is always better! The footer_text field accepts all HTML.<\/p>","args--admin_bar":"1","args--menu_type":"menu","args--menu_title":"Theme Options","args--menu_icon":"dashicons-admin-settings","args--allow_sub_menu":"1","args--page_parent":"","args--page_parent_post_type":"your_post_type","args--page_priority":"","args--customizer":"1","args--default_show":"","args--default_mark":"*","args--google_api_key":"","args--class":"","args--hints--icon":"el-icon-question-sign","args--hints--icon_position":"right","args--hints--icon_color":"lightgray","args--hints--icon_size":"normal","args--hints--tip_style--color":"light","args--hints--tip_style--shadow":"","args--hints--tip_style--rounded":"","args--hints--tip_style--style":"","args--hints--tip_position--my":"top left","args--hints--tip_position--at":"bottom right","args--hints--tip_effect--show--effect":"","args--hints--tip_effect--show--duration":"500","args--hints--tip_effect--show--event":["mouseover"],"args--hints--tip_effect--hide--effect":"","args--hints--tip_effect--hide--duration":"500","args--hints--tip_effect--hide--event":["mouseleave","unfocus"],"args--output":"1","args--output_tag":"1","args--compiler":"1","args--global_variable":"","args--page_icon":"icon-themes","args--page_permissions":"manage_options","args--save_defaults":"1","args--show_import_export":"1","args--disable_save_warn":"","args--open_expanded":"","args--last_tab":"","args--database":"","args--transient_time":"3600","args--network_admin":"","args--network_sites":"1","args--system_info":"","args--hide_reset":"","args--async_typography":"","redux_version":"3.3.6","field--info":"1","field--switch":"1","field--border":"1","field--gallery":"1","field--slider":"1","field--password":"1","field--select":"1","field--background":"1","field--spinner":"1","field--divide":"1","field--link_color":"1","field--dimensions":"1","field--color":"1","field--raw":"1","field--date":"1","field--text":"1","field--checkbox":"1","field--spacing":"1","field--slides":"1","field--sortable":"1","field--radio":"1","field--select_image":"1","field--typography":"1","field--import_export":"1","field--button_set":"1","field--sorter":"1","field--textarea":"1","field--section":"1","field--ace_editor":"1","field--multi_text":"1","field--editor":"1","field--media":"1","field--color_gradient":"1","field--color_rgba":"1","field--image_select":"1","theme--name":"Tuscany","advanced_theme":"1","theme--slug":"tuscany","theme--uri":"#","theme--author":"AvaThemes","theme--author_uri":"http:\/\/themeforest.net\/user\/AVAThemes","theme--description":"A theme dynamically generated by http:\/\/generate.reduxframework.com\/","import_code":"","import_link":"","redux-backup":1}